{
  "summary": {
    "k": 5,
    "latency_ms": {
      "baseline": {
        "max": 0.233,
        "mean": 0.196448,
        "p50": 0.193,
        "p95": 0.223077
      },
      "semantic": {
        "max": 0.129167,
        "mean": 0.086049,
        "p50": 0.079625,
        "p95": 0.126669
      }
    },
    "modes": {
      "baseline": {
        "mrr": 0.333333,
        "ndcg_at_k": 0.333333,
        "precision_at_k": 0.066667,
        "recall_at_k": 0.333333
      },
      "semantic": {
        "mrr": 1.0,
        "ndcg_at_k": 1.0,
        "precision_at_k": 0.2,
        "recall_at_k": 1.0
      }
    },
    "query_count": 12
  }
}
